1	All Pro-Supply	Gene Wiedemann	636-239-0535	310 Lafayette St.	Washington	MO	63090
2	Altemueller Jewelry	Mark and Carl Noelke	636-239-6167	P.O. Box 2057	Washington	MO	63090
3	American Family Insurance	Rob Vossbrink	636-239-9100	P.O. Box 617	Washington	MO	63090
4	American Family Insurance	Tom Holdmeier	636-239-7707	P.O. Box 111	Washington	MO	63090
5	Annie-Rose Linen & Antique Shop	Debbie Klak	636-239-1970	1110 Clock Tower Plaza	Washington	MO	63090
6	Associated Management & Leasing Services	Bonnie Riegel	636-239-6656	206 Jefferson St.	Washington	MO	63090
7	Chris Auffenberg Ford	Chris Auffenberg	636-239-4500	P.O. Box 249	Washington	MO	63090
9	Bank of Washington	Dick Mayer	636-239-7831	P.O. Box 377	Washington	MO	63090
10	Bert Barklage, Inc.	Bert Barklage	636-239-0770	P.O. Box 1833	Washington	MO	63090
11	Barreth Chrysler Center	Dan Helmsing	636-239-6500	5824 Highway 100	Washington	MO	63090
12	Biermann CPA Firm, LLC	Don Biermann	636-239-8993	1190 S. Jefferson, Ste. 201	Washington	MO	63090
13	Bill's Imperial	Karen Kluesner	636-239-3444	919 Jefferson St., Ste. C	Washington	MO	63090
14	Bleckman Machine & Supply	Rich Bleckman	636-239-4600	405 W. Main St.	Washington	MO	63090
15	Blumenhof Vineyards	Mark Blumenberg	636-433-2245	P.O. Box 30	Dutzow	MO	63342
16	Bocklage and Associates, L.L.C.	Paul Bocklage	636-239-4955	PO Box 59	Washington	MO	63090
17	Baylard, Billington & Dempsey, P.C.	Mike Dempsey	636-583-5103	30 S. McKinley St.	Union	MO	63084
18	Brown's Enterprises, Inc.	Randy Brown	636-390-9987	1551 Heritage Hills Dr.	Washington	MO	63090
19	Buescher Frankenberg Associates	Ray Frankenberg	636-239-4751	103 Elm St.	Washington	MO	63090
20	Carriage Care	Mark A. Trebacz	636-239-5855	433 Elm St.	Washington	MO	63090
21	Cassette Appliance and Electric	Dan Cassette	636-239-5515	1575 W. Fifth Street	Washington	MO	63090
22	The Chest, Inc.	Mary Dobsch	636-239-7411	2 Pauwels Dr	Washington	MO	63090
23	Cinema 1 Plus	Linda Mittler	636-239-3670	1900 Phoenix Center Dr.	Washington	MO	63090
24	Clemco Industries Corp.	Arnie Sallaberry	636-239-0300	1 Cable Car Dr.	Washington	MO	63090
26	Country Living	Gail Lause	636-239-1115	7926 Hwy YY	Washington	MO	63090
27	Countywide Oran & Maxillofacial	Michael J. Pernoud, D.D.S	636-239-5959	1015 F Washington Square	Washington	MO	63090
28	D & H Trucking Co., Inc.	Herb Alfermann	636-239-5433	#5 Southlink Dr.	Washington	MO	63090
29	Dairy Delight Restaurant	Mike Klemm	636-239-2070	2110 Monty View	Washington	MO	63090
30	Deppe Farms, Inc.	Rich Deppe	636-239-7178	6885 Bluff Road	Washington	MO	63090
31	Dill Plumbing, Inc.	Herb Dill	636-239-3400	P.O. Box 1246	Washington	MO	63090
32	Dolan Realtors	Robert Borgmann	636-239-7077	1605 Heritage Hills Dr.	Washington	MO	63090
33	Downtown Washington, Inc.	Bridgette Epple	636-239-1743	P.O. Box 144	Washington	MO	63090
34	Droege's Catering	John "Butch" Droege	636-239-6765	P.O. Box 188	Washington	MO	63090
35	East Central College	Dr. Jon Bauer	636-583-5193	1964 Prarie Dell Rd.	Union	MO	63084-4344
36	Eckelkamp Kuenzel, L.L.P.	Steven P. Kuenzel	636-239-7861	P.O. Box 228	Washington	MO	63090
37	Eckelkamp Electric	Charles Eckelkamp	636-239-4795	P.O. Box 1936	Washington	MO	63090
38	Ed's Meat Market	Ed Simons	636-239-6640	24 W. Second St.	Washington	MO	63090
39	Wells Fargo	Donald R. Means	636-239-7771	1351 Jefferson St, Ste. 300	Washington	MO	63090
40	Elks Lodge #1559		636-239-9831	P. O. Box 229	Washington	MO	63090
42	Enduro Binders	Daryl Lamb	636-239-0140	6480 Enduro Drive	Washington	MO	63090
43	Charter Communications	Sherry Norvell	636-390-2557	1015C Washington Square	Washington	MO	63090
44	First Bank	Karen Brueggemann	636-239-4900	1816 Hwy A	Washington	MO	63090
45	Fischer Oil Company	Mike Fischer	636-239-3555 X	P.O. Box 332	Washington	MO	63090
46	Fischer Chiropractic Center	Nancy Fischer	636-239-3265	1190 S. Jefferson Street	Washington	MO	63090
47	Franklin County Glass,  INC.	Mike Mescher	636-239-7357	2010 Hwy A	Washington	MO	63090
48	Frick's Quality Meats, Inc.	Cindy Frick	636-239-2200	360 M.E. Frick Dr.	Washington	MO	63090
49	Fricke Studio & One-Hour Photo	Bryon Raterman	636-239-1768	313-A Elm ST.	Washington	MO	63090
50	Geisert Farms	D. John Geisert	636-239-6835	4851 Old Hwy 100	Washington	MO	63090
51	Greg's Distributing	Greg Marquart	636-239-3876	1913 Hwy A	Washington	MO	63090
52	John Griesheimer		573-751-3678	33 Oxford Dr.	Washington	MO	63090
53	John Hall  Lumber Company	Mike Hall	636-239-6300	P. O. Box 1158	Washington	MO	63090
54	Hazel Investments, L.P.	Doug Hazel	636-239-3272	P.O. Box 1879	Washington	MO	63090
55	Hellebusch Tool & Die, Co.	Wally Hellebusch	636-239-7543	#4 South Link Dr	Washington	MO	63090
56	Dennis Hemsath, CPA		636-239-9560	207 Jefferson St.	Washington	MO	63090
57	Hillermann Nursery & Florist	Sandi  McDonald	636-239-6729	P. O. Box 1160	Washington	MO	63090
58	Hochschild, Bloom & Company	Tom Buescher	636-239-4785	P.O. Box 1457	Washington	MO	63090
59	Hodges Badge Company, Inc.	Jolyn Maune	636-239-7340	3 Chamber Dr	Washington	MO	63090
60	Michael Hoelscher, CPA		636-239-5005	1210 S. Jefferson	Washington	MO	63090
62	hth Companies, Inc.	Greg Hoberock	636-583-8698	239 Rock Industrial, Ste. 108	Union	MO	63084
63	Innovative Enterprises, Inc.	Richard Webb	636-390-0300	#25 Town & Country Drive	Washington	MO	63090
64	J & W Cycles, Inc.	Bob Jones	636-239-5575	P.O. Box 354	Washington	MO	63090
65	Jim's Heating & Cooling	Dan Haire	636-239-3581	207 East 5th St.	Washington	MO	63090
66	Edward Jones	Phillip Leathers	636-239-5487	3 Lafayette, Ste 100	Washington	MO	63090
67	Ron Tobben Insurance Agency	Ron Tobben	636-239-3271	209 Jefferson St.	Washington	MO	63090
68	Waste Management of St. Louis	John Wilk	800-989-2783	7320 Hall St.	St. Louis	MO	63147
69	Broadcast Properties - KLPW	Diane Jones	636-583-5155	P.O. Box 623	Washington	MO	63090
70	Knights of Columbus	Tim Mathews	636-239-3756	1121 Columbus Lane	Washington	MO	63090
71	Krakow Store & Restaurant	Margie Maune	636-239-2240	3052 Hwy A	Washington	MO	63090
72	Landmark Appraisal Co. LLC	Karen Koopman	636-239-2731	1403 E. 5th St.	Washington	MO	63090
73	Kathy J Lentz, MD		636-239-2008	851 E. 5th St., Ste 116	Washington	MO	63090
74	Little Rascals Pre-School	Brenda Emann	636-239-5629	901 Bieker Rd	Washington	MO	63090
75	Lochirco Fruit & Produce, Inc.	John Lochirco	636-583-9430	P.O. Box 1038	Washington	MO	63090
76	Gary R. Lucy Gallery	Sandy Lucy	636-239-6337 X	231 W. Main Street	Washington	MO	63090
77	Magnet LLC	Rose Duncan	636-239-5661	#7 Chamber Dr	Washington	MO	63090
78	Manpower Services	Kathy Papish	636-390-2800	1154 Clock Tower Plaza	Washington	MO	63090
80	McDonald's of Washington	Deborah Klak	636-239-7232	1180 Clocktower Plaza	Washington	MO	63090
82	Melton Machine & Control Co.	Randy Folkmann	636-239-7765	6350 Bluff Road	Washington	MO	63090
83	American Bounty Restaurant	Brian Manhardt	636-390-2150	430 W. Front St.	Washington	MO	63090
86	Mid-American Coaches, Inc.	Roger Jones	636-239-4700 X325	4530 Hwy 47 South	Washington	MO	63090-8609
87	Midwest Exteriors, Inc.	Mike Gillette	636-239-0661	2132 Hwy A	Washington	MO	63090
88	Miller Funeral Home	Robert Miller	636-239-6707	P.O. Box 604	Washington	MO	63090
89	Missouri Meerschaum Co.	Phil Morgan	636-239-2109	P.O. Box 226	Washington	MO	63090
90	Missouri Natural Gas Co.	Jim Hickman	636-584-8440	6 Progress Parkway	Union	MO	63084
91	Missourian Publishing Co.	Susan Miller	636-239-7701	P.O. Box 336	Washington	MO	63090
92	Modern Auto Co.	James Feltmann, Jr.	636-239-6777	6224 Hwy 100	Washington	MO	63090
93	Terry Moosmann, CPA		636-239-4040	28 East 6th St.	Washington	MO	63090
94	Motor Appliance Corporation	Clinton Kell	636-239-2772	P.O. Box 507	Washington	MO	63090
95	Schnucks Market	Dave Nolte	636-239-3577	2073 Washington Crossing	Washington	MO	63090
96	Nieburg-Vitt Funeral Home, Inc.	Kyle & Erica Wolfe	636-239-6422	P.O. Box 267	Washington	MO	63090
97	NEC Insurance	Linda Orrell	636-271-2481	P.O. Box 537	Pacific	MO	63069
98	Office Supplies & Equipment, Inc.	Wanda Bade	636-239-6425	217-219 Elm St.	Washington	MO	63090
99	Yellow Book USA	Sherry Edwards	636-287-3452, EXT 4007	425 South Woodsmill Rd.	Town & Country	MO	63017
100	Optimist Club of Washington		636-239-4013	P.O. Box 701	Washington	MO	63090
101	Orscheln Farm & Home Supply	Chuck Gunn	636-239-6372	860 Washington Corners	Washington	MO	63090
102	Our Lady of Lourdes Parish		636-239-3520	1014 Madison Avenue	Washington	MO	63090
103	Parmentier Auto Body Co.	George Parmentier	636-239-6240	369 WW Industrial Dr.	Washington	MO	63090
104	CG Power Systems USA Inc	Mary Shofner	636-239-9351	One Pauwels Dr	Washington	MO	63090
105	J.C. Penney Co.	Carolyn Bresnahan	636-390-2405	5886 Hwy 100	Washington	MO	63090
106	Pepsi-Cola Bottling CO.	Mark Zobrist	573-237-2411	P.O.  Box 77	New Haven	MO	63068
107	Jim Peters Signs, Inc.	Joann McCoy	636-239-4061	4836 South Point Road	Washington	MO	63090
108	Sid Thayer		636-239-4765	P.O. Box 224	Washington	MO	63090
109	The Presbyterian Church		636-239-3178	4834 South Point Rd.	Washington	MO	63090
110	Purcell-Ellis Tire & Rubber Co.	B.J. Hughes	636-239-2724	P.O. Box 100	Potosi	MO	63664
111	Quality Copy Service, Inc.	Darrell Glosemeyer	636-239-4177	101 West 5th St.	Washington	MO	63090
112	Michael E. Radetic, D.D.S.		636-239-5052	10 West 2nd St.	Washington	MO	63090
113	Radio-Comm Co.	Joyce Pollock	636-239-7192	3057 Hwy. A	Washington	MO	63090
114	Rainbow International Carpet Care	Brian Eckelkamp	636-239-6664	200 West 12th St, Ste. 120	Washington	MO	63090
116	Riechers Tire & Auto	Gary Riechers	636-239-3333	510 Madison Ave.	Washington	MO	63090
117	Riechers' Truck Body & Equipment Co., Inc.	Gil Mohesky	636-239-3700	P.O. Box 383	Washington	MO	63090
118	Coldwell Banker Premier Realty	Mark Thayer	636-239-0667	1351 S. Jefferson St., Ste. 100	Washington	MO	63090
119	Röbller Vineyard	Lois Mueller	573-237-3986	275 Robller Vineyard Rd.	New Haven	MO	63068
120	Roettering Heating and Cooling	Ty Roettering	636-239-0102	1650 E. 5th St.	Washington	MO	63090
122	DAC, Inc.	Tim Roewe	636-390-4410	P.O. Box 1369	Washington	MO	63090
123	Schaefer Door Company	Martin Schaefer	636-239-1144	1875 Hwy A	Washington	MO	63090
124	Schroeder Drug, Inc.	Judy Wildt	636-239-4707	201 Elm St.	Washington	MO	63090
125	Schweissguth Bros. Inc.	Bob Schweissguth	636-433-2256	P.O. Box 7	Dutzow	MO	63342
126	Septic Services	David C. Flagg, Jr.	636-583-5564 X	P.O. Box 632	Union	MO	63084
127	Shelter Insurance Co.	Dave Hackmann	636-239-3737	211 Jefferson St.	Washington	MO	63090
129	Sheltered Workshops, Inc.	Bob Koch	636-239-2744	1600 W. Main St.	Washington	MO	63090
130	Sieve Contractors, Inc.	Dan Forget	636-239-5685 X	6 Chamber Dr.	Washington	MO	63090
131	Parker Hannifin-Sporlan Division	Jim Eckelkamp	636-239-3732 X	206 Lange Dr.	Washington	MO	63090
132	United Mutual Insurance Company	Steve Underwood	636-239-6047	P. O. Box 231	Washington	MO	63090
133	Mercy Hospital - Washington	Administration Department	636-239-8260	901 East Fifth St.	Washington	MO	63090
134	St. Louis RCGA	Colin Stahlhut	314-231-5555	1 Metropolitan SQ., Ste. 1300	St. Louis	MO	63102
135	St. Peters United Church of Christ	Rev. Paul Koch	636-239-6176	P.O. Box 510	Washington	MO	63090
136	Matt Tobben State Farm Insurance	Matt Tobben	636-239-4746	1401 Jefferson St.	Washington	MO	63090
137	Steamboat Financial Services, Inc.	Mary Lynne Steffans	636-239-1486 X	416 Elm St.	Washington	MO	63090
138	Stork Fabricators, Inc.	Robert Stork	636-239-7424 X	P. O. Box 185	Washington	MO	63090
139	Leo Straatmann Farm Service, Inc.	Christopher Straatmann	636-433-2289	11310 State Hwy 47	Marthasville	MO	63357
140	Straatmann Toyota, Inc.	Bill Straatmann	636-239-4775	1498 High Street	Washington	MO	63090
141	TEMCO, INC.	Bob Engemann	636-433-2335	16950 Rinne Rd.	Marthasville	MO	63357
142	Mark M. Tobben, DDS		636-239-6611	P.O. Box 1398	Washington	MO	63090
143	Time to Travel	Andy Heitman	636-239-3040	910 W. 14th St. Ste.240	Washington	MO	63090
144	Tochtrop & Associates, P.C.	Kevin Tochtrop	636-239-6400 X	P.O. Box 1578	Washington	MO	63090
145	Town 'N Country Lanes	Lance Unnerstall	636-239-2000	603 Alberta Ln.	Washington	MO	63090
146	RTI Tradco, Inc.	George Schrecengost	636-239-7816	1701 W. Main St.	Washington	MO	63090
147	Advanced Sight Center	Holly Tinker	636-239-1650	1351 Jefferson St., Ste. 110	Washington	MO	63090
148	Tri-County Orthodontics Assoc., LTD.	Jacqueline M. Miller, DDSMS	636-239-4004	1015 G Washington Square	Washington	MO	63090
149	Tri-County Surgery Center	Ellen Kluesner	636-239-1766	1111 E. 6th St.	Washington	MO	63090
150	AMEREN Missouri - Union	Ken Schmidt	636-583-7150	500 E. Independence Dr.	Union	MO	63084
151	Unnerstall and Unnerstall, CPA	Tim Unnerstall	636-239-6439	18 W. 2nd St.	Washington	MO	63090
152	Unnerstall Oil Co.	Gary Unnerstall	636-239-2345	P.O. Box 243	Washington	MO	63090
153	Unnerstall Tire, Inc.	Tom Unnerstall	636-239-5494	1 East 5th St.	Washington	MO	63090
154	Vernaci Construction, Inc.	Joseph Vernaci	636-239-7642 X	2028 Phoenix Center Dr.	Washington	MO	63090
155	Daniel G. Walde, DDS		636-390-0005	1201 Jefferson St. Suite 220	Washington	MO	63090
156	Walde Orthodontic Associates, PC		636-239-5151	1507 Heritage Hills Dr.	Washington	MO	63090
157	Roger W. Walkenhorst, DDS		636-239-2510	2008 East 5th St.	Washington	MO	63090
158	Wal-Mart Superstore	Blaise Warhurst	636-239-1993	1701 A-Roy Dr.	Washington	MO	63090
159	Warco, Inc.	Dale Lohmeyer	636-433-2212	P.O. Box 48	Marthasville	MO	63357
160	City of Washington	Jim Briggs	636-390-1000	405 Jefferson St.	Washington	MO	63090
161	Washington Electric, Inc.	Tom Barbarick	636-239-3383	P.O. Box 351	Washington	MO	63090
162	Patients First Health Care, LLC	Joseph Gubbels	636-390-1400	901 Patients First Dr.	Washington	MO	63090
163	Washington Lions Club	Dennis Hemsath	636-239-9560	207 Jefferson St.	Washington	MO	63090
164	Washington Lumber Do-It Center	Terry Unnerstall	636-239-4703	P.O. Box 526	Washington	MO	63090
165	Washington Monument Co., Inc.	Roger Aholt	636-239-6444	630 Market St.	Washington	MO	63090
167	South Pointe, Assisted Living by Americare	Dawn Butler	636-239-0670	5125 Old Hwy 100	Washington	MO	63090
169	Water Works Antiques	Sandy Bolte	636-390-2344	#1 Elbert Dr	Washington	MO	63090
170	Weber Brothers Construction	Dean Weber	636-239-2398	5551 Weber Rd.	Washington	MO	63090
171	Wedding Creations, Inc.	Kathy Miller	636-239-2115	7 E. 5th St.	Washington	MO	63090
172	Whitworth Construction Co.	Allen R. Whitworth	636-239-3331	1009 Rose Ln.	Washington	MO	63090
173	Wiemann & Pues Insurance Agency	Rick Hopp	636-239-4741	P.O. Box 169	Washington	MO	63090
174	Wilson Motor Co.	Dennis E. Wilson	636-239-6781	679 International Ave.	Washington	MO	63090
175	Four Rivers Area Family YMCA	Debbie Toedebusch	636-239-5704	400 Grand Avenue	Washington	MO	63090
176	Zick, Voss & Politte, PC	Bob Zick	636-239-1616	P.O. Box 2114	Washington	MO	63090
177	American National Insurance	Larry Frick	636-239-6177	223 Elm St.	Washington	MO	63090
178	AAA World Wide Travel	Christie Anderson	636-239-6791	1053 Washington Square	Washington	MO	63090
179	AAIM Management Association	Margaret Kenyon	314-968-3600	1600 S. Brentwood Blvd. Ste. 400	St. Louis	MO	63127-1338
180	Washington Women's Healthcare	Gregory A. Potts, MD	636-239-1101	851 E. 5th St., Suite 328	Washington	MO	63090
181	Red's Plumbing	Ed Conway	636-239-2161	201 East 5th St.	Washington	MO	63090
182	Diana Holdinghausen Insurance Agency, Inc.	Diana Holdinghausen	636-239-9500	902 E. Sixth St., Ste. A	Washington	MO	63090
184	Lee M. Dardick		314-721-6564	200 S. Brentwood Blvd., 15-A	Clayton	MO	63105
185	Washington Chiropractic Clinic	Dr. Larry Gerstein	636-239-4454 X	819 West 5th St.	Washington	MO	63090
186	R.D. Laboratories, Inc.	Richard Ritz	636-390-2622 X	204 Lange Dr.	Washington	MO	63090
190	Kandlbinder Inc. / Zephyr Express	Randy Kandlbinder	636-239-4525	1403 S. Jefferson St.	Washington	MO	63090
191	Country Manor Decorating	Sharon Moses	636-239-1532	#1 W. 12th Street	Washington	MO	63090
192	Keeven Heating & Cooling	Lois Keeven	573-459-2135	4852 Kiel Lyon Rd	New Haven	MO	63068
193	Washington Historical Society, Inc.	Marc Houseman	636-239-0280	P.O. Box 146	Washington	MO	63090
194	Obermark Optometry, Inc.	Dr. Ed Obermark	636-239-7144	222 West Main St.	Washington	MO	63090
195	Mid-America Wireless	Cindy Swinney	636-583-2800	P.O. Box 105216	Jefferson City	MO	65110-5216
196	Augusta Winery	Tony Kooyumjian	636-228-4301	P.O. Box  8	Augusta	MO	63332
197	Imo's Pizza	Craig Mueller	636-390-4667	1104 Washington Square	Washington	MO	63090
198	Bennett Packaging, Inc.	Dallas Bennett	573-237-5619	374 Scheer Dr.	New Haven	MO	63068
203	Brune Jewelers, Inc.	Herb Brune	636-239-6229	832 Washington Corners	Washington	MO	63090
204	Willow Creek Antiques	Joyce Reynolds	636-583-5247	100 Willow Creek Rd.	Union	MO	63084
205	Ince Development LLC	James Ince	636-239-0627	P.O. Box 9	Washington	MO	63090
206	Montelle Winery	Tony Kooyumjian	636-228-4464	P.O. Box 147	Augusta	MO	63332
207	Regional Credit Services	Karen Skornia	636-390-0020	1201 S. Jefferson St., Ste. 150	Washington	MO	63090
208	Rothschild's Family Restaurant	Jason & Julie Witte	636-239-7112	3397 Hwy 185	Washington	MO	63090
209	Sahm Welding Inc	Mark Sahm	636-239-8966	6337 Bluff Rd.	Washington	MO	63090
210	The Homestead at Hickory View	Katie Geisert	636-239-1941	1481 Marbach Dr	Washington	MO	63090
211	Promotional Consultants	Vicki Licklider	636-584-7000	2085 Bieker Rd	Washington	MO	63090
212	Impact Directory Publishing Group	Marie Baker	636-207-8840	12977 N 40 Dr, Ste 211	Saint Louis	MO	63141
213	SCI Engineering, Inc.	Tony Kreutz	636-584-7991 X	47 St. Andrews Place	Union	MO	63084
214	M-K Distributing Company	Marjorie A. Sansone	636-390-4111	P.O. Box 2178	Washington	MO	63090
215	Fifth & Oak Autocrafts	Tom Alsop	636-239-5885	1808 East 5th Street	Washington	MO	63090
216	Spray Services, Inc.	Jim Bennight	636-239-0404	20 Chamber Dr.	Washington	MO	63090
217	American Family Insurance	Casey Zastrow	636-239-7823	806 Jefferson St.	Washington	MO	63090
218	Rotary Club of Washington, MO	Justin Sincox	636-239-6439	P.O. Box 85	Washington	MO	63090
219	Raymond L Ker, D.D.S.		636-239-7588	206 Oak St.	Washington	MO	63090
220	Animal Care Clinic	James Hale, D.V.M.	636-239-7370	1750 E. Fifth St.	Washington	MO	63090
221	Washington Super 8 Motel	Mary Wood	636-390-0088	2081 Eckelkamp  Court	Washington	MO	63090
222	Paint'n Place	Bob Meyers	636-239-2303	1160 West 5th St.	Washington	MO	63090
226	Hearth & Home, Inc.	Chris Robinson	636-390-4242	556 East 5th St	Washington	MO	63090
227	Straatmann Carpet Service, Inc	Ed Straatmann	636-742-3313	552 Villa West Dr, Ste. 100	Villa Ridge	MO	63089
228	Aldi, Inc.	Paul Piorkowski	636-278-4700	P.O. Box 8800	O'Fallon	MO	63366
230	Marthasville Chamber of Commerce	Rita Hoeslcher	636-433-5242	P.O. Box 95	Marthasville	MO	63357
231	Pin Oak Creek RV Park	Chris Paxton	636-451-5656	1302 Hwy AT	Villa Ridge	MO	63089
232	Pogue Sculpture Studio	Larry Pogue	636-239-0668	118 West Front St.	Washington	MO	63090
234	Animal Hospital of Washington, L.C.	Daniel Smith, D.V.M.	636-239-2745	211 W. Fifth St.	Washington	MO	63090
236	Enterprise Rent a Car	David Shanahan	636-390-0051	2004 Phoenix Center	Washington	MO	63090
237	Lewis & Associates, LTD.	Gene Lewis	636-583-8811	P. O. Box 396	Union	MO	63084
238	Express Employment Professionals	Mike King	636-584-0284	30 HI-Line Drive, Suite B	Union	MO	63084
241	George Bocklage		636-239-6048	110 E. Second St.	Washington	MO	63090
243	Pella Windows & Doors	Stephen Bowls	314-432-3555	#54 Weldon Parkway	Maryland Heights	MO	63043
244	Summit Distributing	John Hummel	314-874-0400	3201 Rider Trail South	St. Louis	MO	63045
245	A.R.T. Concrete Tool & Supply Co., Inc.	Brian Martin	636-584-0440	1743 Scherer Pkwy.	St. Charles	MO	63303
246	PNC Bank	B.J. Hillermann	636-239-3410 opt.4	801 Franklin Ave.	Washington	MO	63090
247	Mid-West Podiatry & Assoc., Inc.	Dr. John Visser	636-239-1633	205 Elm St.	Washington	MO	63090
248	Four Rivers Insurance Agency	Mark P. Michels	636-239-0020	1451 High St., Ste. 201	Washington	MO	63090
249	Aldo's Pizza	Cataldo Alu	636-390-2536	1205-B S. Jefferson	Washington	MO	63090
251	Missouri State Teachers Association	Michael Wood	636-239-0945	6433 Meadowlake Dr.	Washington	MO	63090
252	The Quality Coach!	Jeanne Gladden	636-239-0582	P. O. Box 1009	Washington	MO	63090
253	Teltron, Inc	Jo Ann Crane	636-390-9202 X	5475 Hwy 100, Ste . B	Washington	MO	63090
254	W & M Restaurants D/B/A Taco Bell	Mike Gomas	636-239-1817	405 W. Hwy. 50 - Ste. 700	Union	MO	63084
255	Dairy Queen	Michael Leeper	636-390-9797	920 Bieker Rd.	Washington	MO	63090
256	AMEREN Missouri - Labadie Power Plant	Ron Steffens	314-992-8207	#226 Power Plant Rd.	Labadie	MO	63055
257	Washington High School  A+ Schools	Judy Straatmann	636-231-2200	600 Blue Jay Dr.	Washington	MO	63090
258	Re/Max Gold First	John J. Fischer	626-239-4742	910 W. 14th St  Ste. 230	Washington	MO	63090
261	Washington Dermatology	Dr. Karen Eshraghi	636-239-8900	851 East 5th St, Ste. 124	Washington	MO	63090
262	Loaves & Fishes Bulk Foods	Robin Sincox	636-239-2373	1035 Washington Square	Washington	MO	63090
263	Kiwanis Club of Washington	Windy Sulltrop		1801 Bedford Center	Washington	MO	63090
264	G H Tool & Mold, Inc.	Patrick Dolan	636-390-2424 X145	28 Chamber Dr.	Washington	MO	63090
265	The Creek Grill & Sports Bar	Don Grahl	636-390-9393	2000 Phoenix Center	Washington	MO	63090
266	Lewis, Rice & Fingersh L.C.	Rick Wunderlich	314-444-7600	600 Washington Ave., Suite 2500	St. Louis	MO	63101
267	Grandveiw Health Care Center	Sheila Lawson	636-239-9190	201 Grand Avenue	Washington	MO	63090
268	Cedarcrest Manor	Dana Bailey	636-239-7848	324 W. Fifth St.	Washington	MO	63090
271	Legacy Embroidery, Inc.	David Kell	636-239-3733	6 Pauwels Dr	Washington	MO	63090
272	Bank of Franklin County	Robert Dobsch	636-239-6600	900 E. 8th St.	Washington	MO	63090
273	Steve Holzem		636-239-4326	1401 Rock Lane	Washington	MO	63090
274	Hanson Directory Service, Inc.	Matt Beaderstadt	800-622-0034	P.O. Box 786	Newton	IA	50208
275	Crider Health Center	Nicky Coleman	636-239-1717	416 Market St.	Washington	MO	63090
276	Washington Jaycees	Bryan Bogue	636-239-0990	P.O. Box 6	Washington	MO	63090
277	The Graphics Company	Steve Hoffmann	314-849-9890	11653 Gravois Rd., Ste. 100	St. Louis	MO	63126
279	Mid Missouri Fine Arts Society	Loretta Grinker	636-583-5979	1329 Clearview Road	Union	MO	63084
280	Citizens Bank	Donna Klott	636-390-9944	1451 High Street, Ste. 101	Washington	MO	63090
281	Willard Luecker		573-459-6722	4244 Orchard Rd	New Haven	MO	63068
282	Good News Voice 89.9 FM	Charles Sachse	636-239-0400	P.O. Box 187	Washington	MO	63090
283	U.S. Title Guaranty Co. of St. Charles	Marlin Heidmann	636-390-9700	1381 High St, Ste. 207	Washington	MO	63090
285	Franklin County Area United Way	Paula Obermark	636-239-1018	P.O. Box 3	Washington	MO	63090
286	Urban Accents	Gary Tobben	636-239-1887	1086 Washington Square	Washington	MO	63090
288	New Haven Care Center	Jane Rost	573-237-2103	9503 Hwy 100	New Haven	MO	63068
289	Oltmann Funeral Home	Keith Oltmann	636-239-9600	508 East 14th St.	Washington	MO	63090
290	Northington, Donald L.		636-239-6992	44 Berkshire Dr.	Washington	MO	63090
291	YHTI, Inc.	Nathan Walker	636-239-1066	214 Elm St., Ste. 101	Washington	MO	63090
292	Mercy Corporate Health	Lisa Parum	314-729-9909	9701 Landmark Pkwy, Ste 118	St. Louis	MO	63127
293	Hair Engineers West, Inc	Rhonda Kleindienst	636-390-2022	1107 Washington Square	Washington	MO	63090
295	Balducci Vineyards	Patsy Siener	636-482-8466	6601 Hwy 94 South	Augusta	MO	63332
296	N.B. West Contracting Company, Inc.	Jim Grutsch	573-468-4533	1035 North Service Rd. East	Sullivan	MO	63080
299	Lindsay Window	Geoff J. Roise	636-583-0850	11 Cedar Court	Union	MO	63084
302	Rawlings Sporting Goods Co., Inc.	Mike Campbell	636-390-0074 X	200 Westlink Dr.	Washington	MO	63090
303	Hometown Advertising	Hank Anderson	636-390-4310	45 Durham Dr	Washington	MO	63090
304	K. J. Unnerstall Construction Co.	Kurt Unnerstall	636-239-2028	4923 South Point Rd	Washington	MO	63090
305	305 Liquor	Bill Branson	636-239-7321	305 E. Eighth St.	Washington	MO	63090
306	Westlake Ace Hardware	Steve Jones	636-239-6761	810 Washington Corners	Washington	MO	63090
307	Wolf Hollow Golf Club		636-390-8100 X	4504 Hwy 100	Labadie	MO	63055
308	Ziglin Signs, Inc.	Ben Ziglin	636-390-8455 X	540 Vossbrink Dr.	Washington	MO	63090
310	E-Z Care Systems, Inc.	Brett Poertner	636-239-3899	1900 Heritage Hills Drive	Washington	MO	63090
311	Heritage Propane	Bill Cantrell	636-390-3232	P. O. Box 1278	Washington	MO	63090
313	Advertising Unlimited	Brian VanBooven	636-390-0202	P.O. Box 1002	Washington	MO	63090
314	Dan Yoest Insurance Co., Inc.	Dan Yoest	636-239-1130	401 Elm St.	Washington	MO	63090
315	Fischer Food Shop	Matthew McDonald	636-239-5050	307 W. 5th Street	Washington	MO	63090
316	Schulte's Bakery, Inc.		636-239-2300	1100 West 5th St.	Washington	MO	63090
318	Fred Weber Inc. / Material Services	Roger Gagliano	314-344-0070	2320 Creve Coeur Mill Rd	Maryland Heights	MO	63043
319	Ponderosa Steak house, Inc.	Joe Maciocia	636-390-2700	95 Washington Heights Dr.	Washington	MO	63090
320	Hillsboro Title Company	Gina Sumner	636-239-2242	1380 High Street, Ste. 5	Washington	MO	63090
321	Lighthouse Dental	Melissa K. Zyk, DDS, LLC	636-390-9991	560 East 14th St	Washington	MO	63090
322	Exceptional Equestrians	Joy Walker	636-390-2141	P.O. Box 1384	Washington	MO	63090
323	Scenic Regional Library	Kim Rohrbach	636-583-3224	308 Hawthorne Dr.	Union	MO	63084
324	Four Seasons Florist	Michel Otten	636-239-5560	211 Elm Street	Washington	MO	63090
325	Missouri Occupational Medicine	Dr. Bobby Enkvetchakul	636-239-0735	P. O. Box 1275	Washington	MO	63090
327	Noa Medical Industries, Inc.		636-239-7600 X129	801 Terry Lane	Washington	MO	63090
332	St. Francis Borgia Regional HS	Dr. Brad Heger	636-239-7871	1000 Borgia Dr.	Washington	MO	63090
333	Wells Fargo	Charles Trankler	636-239-7771	1351 Jefferson St, Ste. 300	Washington	MO	63090
334	Jim's Woodworking & Home Repair	Jim Dierking	636-399-2521	13476 Hwy D	Marthasville	MO	63357
340	Bob Evans Restaurant	Ed Worley	636-390-8800	3151 Phoenix Center Dr.	Washington	MO	63090
343	Riverbend Bible Chapel	Toni Backs	636-390-8600	4247 Old Hwy 100	Washington	MO	63090
345	The Body Natural Salon	Mary Mabruer/Lynette Adkins	636-239-0050	401 Lafayette St.	Washington	MO	63090
346	Frank & Paula Nykiel		636-239-5577	P.O. Box 1070	Washington	MO	63090
347	Warrenton Area Chamber of Commerce	Jan Olearnick	636-456-2530	1000 Warrenton Outlet Ctr, Ste 32	Warrenton	MO	63383
348	Rieser Family Dental LLC	Dr. Andrew Rieser	636-239-7654	1351 S Jefferson St, #308	Washington	MO	63090
349	Missouri Land Sales	Michelle Stone	636-390-8380	1725 Pottery Rd.	Washington	MO	63090
350	Union Area Chamber of Commerce	Tammy Stowe	636-583-8979	P.O. Box 168	Union	MO	63084
351	Jim Eckelkamp		636-239-7711	215 Lange Dr.	Washington	MO	63090
352	Buzz Eckelkamp		636-239-7861	P.O. Box 228	Washington	MO	63090
353	Marquart's Landing	Rick W. Marquart	636-239-3229	300 West Front St.	Washington	MO	63090
354	St. Ann's Church	Rev. Rich  Coerver	636-239-3222	7851 Hwy YY	Washington	MO	63090
356	Williams Brothers Meat Market	Steve Williams	636-239-2183	607 West 5th St.	Washington	MO	63090
359	North Pole U.S., LLC	Jane Van Leer	636-239-2434	23 Town & Country Dr	Washington	MO	63090
360	A Century Advertising	Ginny Brinker	636-239-0630	629 W. Third Street	Washington	MO	63090
362	Qdoba Mexican Grill	Katie Colby	314-651-5695	826 Top Notch Ln.	Eureka	MO	63025
363	Rexel United	Colleen Swisher	636-239-5344	391 W.W. Industrial Park Dr.	Washington	MO	63090
364	SJMH Auxiliary	Maxine Johnson	636-239-8272	901 East 5th St.	Washington	MO	63090
365	Linda Bartle		636-239-9140	810 Louis St.	Washington	MO	63090
367	Paradise Frozen Custard	Robert Phillips	636-239-6667	1614 Englebrook Ct.	Wildwood	MO	63011
370	Franklin County Concrete, LLC	Mitch Parrish	636-239-0061	P.O. Box 2029	Washington	MO	63090
371	Jasper Development	John J. Jasper	636-583-1043	P.O. Box 561	Union	MO	63084
372	Richard C. Hirschl		636-239-4507	P.O. Box 353	Washington	MO	63090
374	Weber Construction LLC	Laverne Landwehr	636-584-0283	175 Oak Tree Ln.	Union	MO	63084
375	KSLQ/KWMO Radio	Laura Schubert	636-239-6800	511 West 5th St	Washington	MO	63090
376	Emmaus Homes	Dennis Kramme	636-433-2207	11900 Emmaus Drive	Marthasville	MO	63357
378	AT & T Missouri	Craig Felzien	636-949-4272	402 North Third St.	St. Charles	MO	63301
381	Stone Hill Winery & Restaurant	Thomas Held	573-486-2120	1110 Stone Hill Hwy.	Hermann	MO	65041
382	Cowan's Restaurant	Tom Gildehaus	636-239-3213	114 Elm St.	Washington	MO	63090
384	Holtmeier-Sherrill Concrete, Inc.	Barb Holtmeier	636-239-7281	507 W. 5th St	Washington	MO	63090
385	Lewis, Rice & Fingersh L.C.	Mark Piontek	636-239-7747	P. O. Box 1040	Washington	MO	63090
387	Washington Fence Company, Inc.	Steve Sullentrup	636-239-5580 CELL 390-3777	PO BOX 1518	Washington	MO	63090
388	Burke and Associates, Inc.	Michale Burke	636-239-0172	1874 Hwy. A. Ste. 104	Washington	MO	63090
389	Les Unnerstall		636-239-2835	351 Lakeview Dr	Washington	MO	63090
390	Marketing Management Group, LLC	Cynthia Seibert	636-239-2290	P.O. Box 1005	Washington	MO	63090
391	Cheltenham Construction Services, Inc.	Vic Hoerstkamp	636-390-2111 X22	P.O. Box 1654	Washington	MO	63090
392	Boland Enterprises	Todd Boland	636-239-6749	102 Elm Street, Ste. 205	Washington	MO	63090
393	VNA-TIP Home Care	Sandy Lerczak	636-390-9161	901 West 14th St., Ste. 120	Washington	MO	63090
394	Dusty Attic Antiques	Bev Kamler	636-390-8484	7458 Hwy. 100	Washington	MO	63090
395	Big River Telephone	Kevin Cushing	573-388-3775	837 Progress Dr.	Farmington	MO	63640
396	I.B. Nuts & Fruit TOO		636-390-4438	100 West Front St	Washington	MO	63090
397	Century Business Services (CBIZ)	Angie Brune	573-484-3914	4141 Hwy. EE	Beaufort	MO	63013
399	East Main Antiques	Loretta Grinker	636-390-0115	101 E. Main St.	Washington	MO	63090
400	Missouri Baptist University	Dr. Shelton Smith	636-583-6600	45 Silo Plaza	Union	MO	63084
401	Miller's Grill, Inc.	Larry K. Miller	636-390-0167	P. O. Box 1098	Washington	MO	63090
402	Tri-County Title LLC	Claresa Narup	636-239-7808	415 Cedar St.	Washington	MO	63090
403	Central Hotel	Steve Bertrand	573-237-8540	1017 Maupin Ave.	New Haven	MO	63068
404	Franklin County Country Club	Kelly Konczal	636-239-6678	P.O. BOX 2300	Washington	MO	63090
405	Mers/Goodwill	Cassandra Longseth	636-239-5586	2030 Phoenix Center	Washington	MO	63090
407	US Bancorp Investments	Vickey Engel	800-547-6302	550 East 14th St.	Washington	MO	63090
408	Franklin Mortgage Company, LLC	Sharon Monzyk	636-239-4811	1381 High Street, Ste. 107	Washington	MO	63090
412	Unerstall Construction Company	Andy Unerstall	636-239-7317 X	705 Jefferson St.	Washington	MO	63090
414	Washington Engineering and Architecture	Gary Terschluse	636-239-6550 X	1301 W. 5th St.	Washington	MO	63090
415	Missouri Division of Workforce Dev./Career Center	Steve Weingart	636-239-6703	1108 Washington Square	Washington	MO	63090
416	Mentz Foundations, Inc.	Scott Mentz	636-583-9505	57 Corporate Dr	Union	MO	63084
417	AAA Insurance	Robin Tanner	636-239-6791	1053 Washington Square	Washington	MO	63090
419	Westhoff Contracting, Inc.	Dale Westhoff	636-239-3536	P.O. Box 1456	Washington	MO	63090
420	The Finishing Touch by Ginger, Inc.	Ginger Meyers	636-239-2092	2104 Martina	Washington	MO	63090
421	Datamax	Mike	314-633-1400	2121 Hampton Ave.	St. Louis	MO	63139
422	Edward Jones	Jason Unnerstall	636-390-2004	1381 High St., Ste. 205	Washington	MO	63090
423	Critter Cottage Bed & Breakfast	Judy Gross	636-433-2711	102 S. Fifth St.	Marthasville	MO	63357
424	Doc's Imports, LLC	Dr. Virgil Wiedemann	636-584-0117	26 Longwood Dr.	Union	MO	63084
425	Rent-A-Center/Cash Advantage	Lucas Chitwood	636-239-3039	840 Washington Corners	Washington	MO	63090
426	Security Title Insurance Agency, LLC	Kay L. Nuernberger	636-239-9973 X.	285 N. Western Ave.	Pacific	MO	63069
427	Adam Puchta Winery	Tim Puchta	573-486-5596	1947 Frene Creek Rd.	Hermann	MO	65041
428	A.O.  Inc., Employment Services	Hillary McAulay	314-835-0226	10820 Sunset Office Dr., Ste. 101	Sunset Hills	MO	63127
429	RE/MaxToday	Steve Luecker	573-237-7700	103-B Miller St.	New Haven	MO	63068
431	First State Community Bank	Scott Breckenkamp	636-390-4320	1801 Bedford Center Dr.	Washington	MO	63090
435	Security Information Systems, Inc.	Mark Holguin	636-742-2300	122 Skyview Ln.	Labadie	MO	63055
436	Innovative Building Concepts, Inc.	John Kleekamp	636-390-4345	P.O. Box 1462	Washington	MO	63090
440	Gildehaus Construction, LLC	Tony & Connie Gildehaus	573-459-2111	9612 Hwy YY	New Haven	MO	63068
441	Precision Stone Fabricators, Inc.	Kirk Prinzi	636-390-4664	1797 West Main St.	Washington	MO	63090
443	James Feltmann, Sr.		636-239-6777	6224 Hwy. 100	Washington	MO	63090
444	Jackie Zeitzmann		636-239-4643	707 High St	Washington	MO	63090
452	Mannwell's Coffee Alley LLC	Cheryl Heggemann	636-239-9699	110 West Main St.	Washington	MO	63090
453	Washington Surgery Center	Clay Hoffman	636-239-9122	16 Chamber Dr.	Washington	MO	63090
454	Bill Miller, Jr.		636-239-7701	14 West Main St.	Washington	MO	63090
455	Davita Dialysis	Glenda Dewalt	636-390-8233	1112 Washington Square	Washington	MO	63090
458	Debbie Door, County Clerk		636-583-6355	1015 Clearview Rd.	Union	MO	63084
460	Distinctive Appliance Repair	Jarod Newman	636-667-0698	4615 Hilltop Dr.	Washington	MO	63090
462	Hall's Pharmacy, Inc.	Clarissa E. Hall	636-390-2828	3021 Hwy A, Ste. 203	Washington	MO	63090
466	Cartridge World	Ken & Doris Jones	636-390-0550	824 Washington Corners	Washington	MO	63090
469	BNI Washington Breakfast Chapter	Teresa Haire	636-390-9990	207 East 5th St.	Washington	MO	63090
470	Judge David Hoven		636-583-6323	401 E. Main St	Union	MO	63084
472	Otis Campbell's	Rick Marquart	636-390-8477	300 West Front St.	Washington	MO	63090
473	New Haven Levee House B & B	Kathy Bertrand	636-239-6190	742 Wanda Leigh	Washington	MO	63090
474	McMahon, Berger P.C.	Stephen B. Maule	314-567-7350 X 1850	2730 N. Ballas Rd Ste. 200	St. Louis	MO	63131
475	Sears	Demea Loyd	636-239-2751	1048 Washington Square	Washington	MO	63090
476	Gerald Bayless		636-742-3152	3552 Hwy. T	Labadie	MO	63055
477	Mel Roewe		636-390-4410	P. O. Box 246	Washington	MO	63090
478	Heritage Valley Bed 'N Breakfast , LLC	Bethine Spaunhorst	636-239-7479	1668 Four Mile Rd	Washington	MO	63090
479	MacArthur Park Senior Apartments	Douglas Hamilton	636-239-2322	3556 South Culpepper, Ste. 7	Springfield	MO	65804
480	Brick Inn B & B	Arthur Winters	636-390-3264	516 W. Third St.	Washington	MO	63090
481	Rita Griesheimer		636-239-4785	1000 Washington Square	Washington	MO	63090
482	Ashworth Consulting, Inc.	Kimberly Ashworth	636-346-9352	P.O. Box 177	Union	MO	63084
484	Brown & Crouppen	Sara Schick	314-421-0216 X3105	1 Metropolitan Sq. Ste 1600	St. Louis	MO	63102-2312
485	ASAP Appraisal	Dan Tulley	636-239-9808	P. O. Box 53	Washington	MO	63090
488	Hope Lodge #251 A.F. & A.M.	John Erfurdt	636-239-9897	3320 Hwy A	Washington	MO	63090
489	Oak Glenn Winery	Glenn  Warnebold	573-486-5057	P.O. Box 96	Hermann	MO	65041
490	Cornerstone Mortgage	Kevin & Kelly O'Connell	636-390-8400	554 E. 5th Street	Washington	MO	63090
491	Washington Physical Theraphy	Cyndi Lohrer	636-390-1700	901 Patients First Dr.	Washington	MO	63090
493	Schroeder Insurance	Paul J. Schroeder	636-583-2296	512 East Main St.	Union	MO	63084
494	Mr. Rooter Plumbing of Franklin County	Brad Pierce	636-390-2252	559 Walls Ford Rd.	St. Clair	MO	63077
495	Jane Reed		636-239-5029	4304 Green Briar Ct.	Washington	MO	63090
497	Johnson Interior Finishes, LLC	Donna Johnson	636-239-6982	1158 Clock Tower Plaza	Washington	MO	63090
501	The Art Center	Jane Arnold	636-239-5544	120 W. Main St.	Washington	MO	63090
502	National Rent to Own	Warren Montgomery	636-390-8000	1937 Bedford Center Dr.	Washington	MO	63090
504	DF Ingredients, Inc.	Michael Husmann	636-583-4801	127 Elm St., Ste. 200	Washington	MO	63090
505	RE/Max First Gold	Ginger Brinker	636-239-4742 X 26	910 W. 14th St  Ste. 230	Washington	MO	63090
507	S-K Contractors, Inc.	Shawn Mayall	636-239-4344	P.O. Box 21	Washington	MO	63090
510	Advanced Hearing Care	Marty Struckhoff	636-390-2007	1987 Hwy. A, Ste. 200	Washington	MO	63090
513	P & A Drywall Supply, Inc.	Deanna Bender	314-426-3785	P. O. Box 142306	St. Louis	MO	63114
519	Revolution Cycles	Joe Ferguson	636-390-9999	1917 Bedford Center Dr.	Washington	MO	63090
521	Harry Abeln		636-390-2999	118 Washington Heights Dr	Washington	MO	63090
523	RE/Max First Gold	Liz Stemmley	636-239-4742	910 W. 14th St  Ste. 230	Washington	MO	63090
525	RE/Max First Gold	Greg Koch	636-239-4742	1590 Gladiator Dr.	Fenton	MO	63026
526	French Gerleman	Mike Kelsch	636-390-4949	1 Chamber Dr, Ste. A	Washington	MO	63090
527	St. Francis Borgia Parish	John Vietmeier	636-239-6701 X 1511	115 Cedar	Washington	MO	63090
530	Millers First Insurance Company	Karen Swederska	636-239-6708	6244 Hwy 100, Ste. 140	Washington	MO	63090
534	Crosspoint Christian School		636-742-5380	P.O. Box 100	Villa Ridge	MO	63089
535	Edward Jones	Andrew Clary	636-239-5939	1801 Heritage Hills	Washington	MO	63090
538	AT & T	Scott Brinkmann	636-239-9777	3181 Phoenix Center Dr.	Washington	MO	63090
539	Quik Cash	Amanda Myers	636-390-2896	1909 Bedford Center Dr.	Washington	MO	63090
540	Washington Sand Company, LLC	Mitch Parrish	636-239-0061	P.O. Box 2029	Washington	MO	63090
542	Sumner and Birkmann Optometrists, P.C.	Dr. Brian P. Sumner	636-239-2179	P.O. Box 1907	Washington	MO	63090
543	B & B Barbeque and Catering, LLC	Jeff Brinker	636-239-4217	3375 Hwy. 185	Washington	MO	63090
544	Kimmel Properties, LLC	Donald R. Kimmel	314-703-8400	2187 Sycamore Hill	Chesterfield	MO	63017-7223
549	Krawitz Tire & Auto	Joe Krawitz	636-239-6668	105 East 5th St	Washington	MO	63090
551	Café Mosaic	Patrick Long	636-390-1722	901 Patients First Dr.	Washington	MO	63090
552	Cuba Chamber of Commerce	Norma Bretz	573-885-2531	P.O. Box 405	Cuba	MO	65453
554	First Community Credit Union	Wendy Griffin	636-537-4400 X 1811	1701 A Roy Drive	Washington	MO	63090
556	Hilke's Ice Company	John Hilke	573-744-5500 X	109 Dogwood	Freeburg	MO	65035
557	Choice Foods, Inc.	Michelle Hoerstkamp	636-239-3444	919 Jefferson St., Ste. C	Washington	MO	63090
558	ASSIST-2-SELL, Smart Choice Realty	Cindy Harris	636-239-5595	621 Franklin Ave.	Washington	MO	63090
560	Heritage Realty	Patrick Kimmis	636-239-6941	P. O. Box 1745	Washington	MO	63090
561	Cara Knox, LLC		636-239-0721	125 Ridgeview Oaks Dr.	Washington	MO	63090
564	Blair Bos		636-239-9653	3198 Phoenix Center Dr.	Washington	MO	63090
568	John's Flooring, Inc.	John Moss	636-583-1605	992 Copperfield Dr	Union	MO	63084
570	The Crux	Matt Clayton	636-221-2957	2396 Hwy A	Washington	MO	63090
571	Toni's LLC	Toni & Dennis Cavin	636-390-0100	901 Toni Marie Ct.	Ballwin	MO	63021
572	Foam Engineers, LLC	David McClure	573-468-3101	P.O. Box 279	Sullivan	MO	63080
578	Bethesda Health Group, Inc.		314-800-1904	1630 Des Peres Rd., Ste. 290	St. Louis	MO	63131
581	The Fudge Shoppe	Kim Lutz	636-239-0153	219 W. Main St.	Washington	MO	63090
586	Shoe Carnival #398	Courtney VanCoutren	636-390-3949	1905 Vernaci Dr.	Washington	MO	63090
588	Advanced Pain Center	Jo Maguire	314-550-1810	205 & 209 E. Fifth Street	Eureka	MO	63025
590	Wings Educational Foundation	Brad Mitchell	636-239-2727	P.O. Box 203	Washington	MO	63090
598	Walt Luther		636-239-5182	1702 Schroeder Dr.	Washington	MO	63090
599	Carol Brunner		636-239-3871	906 Nora St.	Washington	MO	63090
600	New Farm LLC	D. John Geisert	314-791-6946	4851 Old Hwy. 100	Washington	MO	63090
607	Maddie Crawford		636-239-6977	305 Lake View Drive	Washington	MO	63090
610	Concord Hill Bed & Breakfast	Maggie Peck	636-782-2042	16469 Concord Hill Rd.	Marthasville	MO	63357
611	US Cellular	Holly Brinker	636-239-9099	3028 Phoenix Center Dr.	Washington	MO	63090
613	RE/Max First Gold	Jeanne Hoelscher	636-359-0236	910 W 14th St, Ste. 230	Washington	MO	63090
619	Pete Tobben		636-239-4041	P.O. Box 269	Washington	MO	63090
620	B & J Printing	Brenda Turnbough	636-239-3512	213 W. Main St.	Washington	MO	63090
622	Color & Design Studio	Cindi Elsenrath	636-239-0044	408 E. Fifth Street	Washington	MO	63090
623	Ed Hillhouse			PO Box 99	Villa Ridge	MO	63089
624	Professional Touch Painting & Dec., Inc.	Joe Gildehaus	636-239-3772	14689 Bluff Valley Dr.	Marthasville	MO	63357
626	US Bank	Sharri Adams	636-239-1800	550 E. 14th St.	Washington	MO	63090
628	Pyramid Serv. Inc., D/B/A The UPS Store	Christine Inabinet	636-239-5200	1165 Clock Tower Plaza	Washington	MO	63090
629	Gael Wood		636-239-5118	1500 Dogwood Terrace	Washington	MO	63090
631	Schroepfer Bauer Insurance Agency	Scott Schroepfer	636-239-7781	P.O. Box 274	Washington	MO	63090
632	Rabco Midwest Inc.	Gary Warren	636-390-0008	580 Vossbrink Dr.	Washington	MO	63090
633	Compu Service LLC	Steve Wolf	636-239-1200	P.O. Box 1324	Washington	MO	63090
635	Terry O. Wilson		636-583-6360	116 Lexington Ln.	Washington	MO	63090
637	Cochran	Darla Schutt	636-584-0540	530 A E. Independence Dr.	Union	MO	63084
639	Josie's Old and New, LLC	Glenda Eckelkamp	636-390-3626	P O Box 2117	Washington	MO	63090
641	Abigail Tuttle		314-746-2868	7733 Forsyth Blvd., Ste. 1000	Clayton	MO	63105
643	Data Comm, Inc.	Jose Bugarin	573-486-5574	P.O. Box 2110	Jefferson City	MO	65102
644	SERVPRO of Franklin County	Jerry Alvey	636-236-6271	P.O. Box 1035	Washington	MO	63090
646	Mercer Health & Benefits	Kathy Detter	314-588-2523	701 Market St., Ste. 1100	St. Louis	MO	63101
647	Missouri River Auto Part Inc. D/B/A NAPA	Jim Buchanan	636-239-7788	1361 High St.	Washington	MO	63090
649	Jack Jackson		636-458-2951	2015 Wakefield Farm Rd	Wildwood	MO	63038
650	Timberlake Log Homes	Ryan Briggs	314-504-7768	749 Amburgy Dr.	Washington	MO	63090
651	Congressman Blaine Luetkemeyer		636-239-2276	516 Jefferson St.	Washington	MO	63090
652	US Environmental Solutions, LLC	Tiffany Femmer	636-390-0683	910 W. 14th St, Ste. 150	Washington	MO	63090
653	Buescher Ditch & Associates	Thomas Buescher	636-239-6255	P.O. Box 621	Washington	MO	63090
655	Trilogy Analytical Laboratory	Kraig Bond	636-239-1521	87O Vossbrink Dr.	Washington	MO	63090
658	Reinhold Electric, Inc.	Jerry Reinhold	314-631-1128	9610 Continental Ind. Dr.	St. Louis	MO	63123
659	Joe's Bakery & Delicatessen	Joe Reid	636-390-8282	9 West Main	Washington	MO	63090
661	The Beekeepers' Cottage	Marie Unnerstall	636-239-2799	309 Locust St.	Washington	MO	63090
665	FMB Hospitality, LLC-D/B/A Basket Case	Jacob Schneider	636-239-3131	323A W Fifth St.	Washington	MO	63090
666	Glenrich Bed & Breakfast	Glenda Richard	636-239-1994	7 Lafayette St.	Washington	MO	63090
667	KFAV-FM 99.9	Chris Dieckhaus	636-584-0559	405 Crestview Dr	Union	MO	63084
668	Jerrons, LLC	Diana Fick	636-629-6138	25-35 S. Main St.	St. Clair	MO	63077
670	Sylvan Learning Center	Tracy Morland	636-390-9211	6244 Hwy. 100, Ste. 160	Washington	MO	63090
671	Allure Salon & Spa, LLC	Tasha Shuetz	636-239-2900	1807 Heritage Hills	Washington	MO	63090
672	Wash PC	Greg Johnston	636-432-1330	1987 Hwy. A, Ste. 300	Washington	MO	63090
673	Bias Vineyard & Winery	Carol Grass	573-834-5475	P.O. Box 93	Berger	MO	63014
675	School District of Washington	Shelley Kinder	636-231-2000	220 Locust St.	Washington	MO	63090
676	Mind, Body and Spirit	Tami Luehr	636-239-3337	5 Woodbine Ct.	Washington	MO	63090
678	MBM Wealth Consultants	Matt Westhoff	314-392-5456	12935 North Forty Drive, Suite 102	St. Louis	MO	63141
680	Environmental Energy Consultants, LLC	Dan Payne	636-399-3227	P.O. Box 1232	Washington	MO	63090
682	Brinker Promotions	Tim Brinker	636-239-2265	1330 Regina Dr.	Washington	MO	63090
683	St. Louis Bread Company	Alica Beasley	636-239-6565	880 Washington Corners	Washington	MO	63090
684	Lawlor Corporation	Robert Loughman	314-644-0456	1440 Strassner Dr.	St. Louis	MO	63144
685	Scheer Lawn & Landscape, LLC	Tim Scheer	573-237-5296	9334 Highway 100	New Haven	MO	63068
686	FKI Cleaning Services	Amy Thiemann	636-239-1067	P.O. Box 485	Washington	MO	63090
687	Phil's Sewing Machines	Larry Engemann	636-239-3594	401 E. Fifth St.	Washington	MO	63090
688	Cain Electric	Stanley Cain	636-390-4566	P.O. Box 1633	Washington	MO	63090
689	Z M Media	Shawn Mayall	636-239-2122	910 W. 14th Street	Washington	MO	63090
690	Heartland Hospice	Michelle L. Hutchings	636-390-4723	615 Franklin Ave.	Washington	MO	63090
691	Gateway Drug Screening, LLC	Eric Dobelmann	636-432-1394	3021 Highway A, Ste. 104	Washington	MO	63090
692	Colton's Steakhouse & Grill	Jon Chanslor	636-432-0006	1635 A Roy Drive	Washington	MO	63090
694	Todd Geisert Farms	Todd Geisert	314-791-6942	P.O. Box 1293	Washington	MO	63090
695	Fox River Foods, Inc.	Joe Maniaci	636-368-1946	#11 Mike Alan Dr.	Washington	MO	63090
699	Evercare Hospice & Palliative Care	John Lehne	314-592-3670	13655 Riverport Dr.	Maryland Heights	MO	63043
700	Hunter's Hollow Bed & Breakfast	Donna Godfrey	636-451-0303	200 Powell Avenue	Labadie	MO	63055
701	JEENNO Sales, LLC	Tracy Alferman	314-520-6799	1921 Discovery Ct.	Washington	MO	63090
703	Justine Peterson	Joe Stahl	314-533-2411	1023 N. Grand	St. Louis	MO	63106
704	El Charro	Jaime Ramirez	636-390-3299	2032 Washington Crossing	Washington	MO	63090
705	Monette's Cabin	Pat & Vicki  Hartzell	636-432-3072 or 636-359-4501	18430 Hartzell Ln.	Marthasville	MO	63357
706	Ferguson Valley Nurseries, Inc.	John O. Lintzenich	636-221-7997	P.O. Box 205	Labadie	MO	63055
707	Gateway Center for the Arts	Kim Helm	636-239-8939	204 Elm Street	Washington	MO	63090
708	Horn Architects, AIA	Robert Horn	636-239-0309	3 Lafayette St.	Washington	MO	63090
709	Faith Lutheran Church	Rev. Dennis Schmelzer	636-239-0554	1008 Bieker Rd.	Washington	MO	63090
712	Back Stage Pass	Rose Garcia	636-667-3623	408 Burnside	Washington	MO	63090
713	Busy Beaver Tree Service	Rich Hogue	636-239-4638	164 Alferman Lake Rd.	Washington	MO	63090
714	Tom Miller		636-239-4225	P.O. Box 38	Washington	MO	63090
715	Noboleis Vineyards	Brandon Dixon	636-482-4500	100 Hemsath Rd.	Augusta	MO	63332
716	Curt Dennison Photography	Curt Dennison	314-952-3324	P.O. Box 1726	Washington	MO	63090
717	Harman Becker	Amy Wright	636-221-3514	851 Vossbrink Dr.	Washington	MO	63090
721	Blue Duck Café and Bakery	Karmen Rayburn	636-390-9131	1381 High Street, Ste. 111	Washington	MO	63090
722	Charter Business	John Birkenmeyer	314-280-2890	941 Charter Commons Dr.	Town & Country	MO	63017
723	Riverview Bed & Breakfast	Eileen Hagedorn	636-239-5471	719 West Main Street	Washington	MO	63090
725	Paric Corporation	Kurt L. Gildehaus	636-561-9500 x626	1001 Boardwalk Springs Place	O'Fallon	MO	63368
726	KE2 Therm Solutions, Inc.	Patrick A. Holdmeyer	636-266-0140 x501	209 Lange Dr.	Washington	MO	63090
727	Messenger Printing Co., Inc.	Laura Jones	314-966-3413	125 West Argonne Dr.	Kirkwood	MO	63122-4201
729	Addi's	Cindy Potts	636-239-1848	124 W. Main Street	Washington	MO	63090
730	Excel Temporary Service	Don Gentry	636-629-7544	525 S. Main St., Ste. C	St. Clair	MO	63077
731	Lower Street Inn	Sally Heining	636-482-4856	26 Lower St.	Augusta	MO	63332
732	Rose Exteriors, LLC	Sarina Brune	636-629-8129	800 N. Commercial, Ste. B	St. Clair	MO	63077
733	ServiceNoodle.com	Paul York	573-999-1957	3500 Buttonwood Dr	Columbia	MO	65201
734	Colleen Himmelberg		314-703-4525	661 Country Club Hills	Washington	MO	63090
735	Girl Scouts of Eastern MO	Kate Engemann	573-486-2899	32157 State Hwy. 94	Hermann	MO	65041
736	Guy Midkiff		636-259-6705	307 Ashley Ct.	Washington	MO	63090
737	AAMCO	Bob Carver	636-239-1059	5222-B Highway 100	Washington	MO	63090
738	Bugsy's on Main	Pat Long	636-584-7832	201 E. Main St.	Union	MO	63084
739	Funke Glass and Glazing LLC	Mark Funke	573-259-8249	7152 Shawnee Ford Rd.	Rosebud	MO	63091
740	Green Apple Dentistry	Dr. Elizabeth Clary	636-239-8468	2 Wainwright St., Ste. 210	Washington	MO	63090
742	March of Dimes - Greater Missouri Chapter	Kaitlin Wood	314-513-9990	11829 Dorsett Rd.	Maryland Heights	MO	63043
743	Heartland Independent Living Center	Patrick Chambers	636-583-7977	1010 Hwy. 28 West	Owensville	MO	65066
744	Russell Cellular/Verizon Wireless	Tiffany Foster	636-390-2044	5624 S. FF Hwy.	Battlefield	MO	65619
745	Bowman Painting & Drywall	Jeremy J. Bowman	636-208-9931	115 E. Sixth Street	Washington	MO	63090
746	Major Donald J. Cognata	Maj. Donald Cognata	636-239-4248	64 Forest Hills Dr.	Washington	MO	63090
747	Burger Park Limousine	Anton Burger Hinrichs	636-432-4090	2553 E. Fifth Street	Washington	MO	63090
748	Grey Eagle Distributors	David Stokes	314-429-9100	2340 Millpark Dr.	Maryland Heights	MO	63043
749	Continental Title Company	Mone Juede	636-373-1918	701 Gravois, Ste. 103	Fenton	MO	63026
750	Eagle Eye Design	Joe Kopp	636-390-3860	328 State St.	Washington	MO	63090
751	Purina Farms and Event Center	Kaite Flamm	314-982-5211	300 Checkerboard Loop	Gray Summit	MO	63039
752	Lantis Fireworks of Missouri	Randall Albeck	314-740-3005	518 Overlook Terrace Ct.	Eureka	MO	63025
753	Sprint	Phil Hunter	636-432-0122	7108 Mexico Rd.	St. Peters	MO	63376
754	N H Scheppers Distributing Co.	Mike Shilharvey	314-220-6921	310 S. East St.	Warrenton	MO	63383
755	Burger King - Liberty Restaurant Group	Jo Birmingham	636-390-3939	24 Bridge St. Bldg. B	Metuchen	New Jersey	08840
756	Merchant Direct-Powered by First Data	Patrick Redington	314-280-5449	212 Jefferson St., Apt. 5	Washington	MO	63090
757	Meyer Landscape & Lawn	Steven Meyer	636-346-7352	P.O. Box 2334	Washington	MO	63090
758	ART Can Do	Beverly Wells	314-706-3961	618 W. 5th Street	Washington	MO	63090
760	One Independence Drive LLC / Pasta House	Sebastian Fiesta	636-583-4900	101 E. Independence Drive	Union	MO	63084
761	Southeast Missouri State University / Center for Innovation	Heather Lesch	573-651-5156	One University Plaza  MS 0130	Cape Girardeau	MO	63701
762	Washmo Media, LLC	Jason Oesterly	314-602-5881	P.O. Box 1186	Washington	MO	63090
763	Bob & Pat's BBQ	Pat Craig	636-288-0440	175 Mosley Ave.	St. Clair	MO	63077
764	Administration Professionals on Demand	Lynn Taylor	636-390-8220	6855 Highway YY	Washington	MO	63090
765	Bugs Be Gone	Vince Sanfilippo	636-390-0299	427 Windy Hills Drive	Washington	MO	63090
766	Comprehensive Care, Inc.	Mary Cranmer	636-390-9909	1451 High Street, Ste. 205	Washington	MO	63090
768	Farmers Insurance / Melissa Huntington Agency	Melissa Huntington	636-239-2038	1115 Clock Tower Plaza	Washington	MO	63090
769	Edward Jones	Robin Richardson	573-468-6046	P.O. Box 784	Sullivan	MO	63080
770	Town & Country Metals		636-744-0022	10 Progress Parkway	Union	MO	63084
771	Mattress Makers	Joshua Patridge	636-390-3274	1105 Clocktower Plaza	Washington	MO	63090
772	Midwest Block & Brick	John Slattery	636-742-5460	2993 Highway 100	Villa Ridge	MO	63089
773	Signs 360	Jeff Mohesky	636-390-2223	499 Grand Ave.	Washington	MO	63090
774	Nicole Dreckshage - FedEx Representative		636-698-8251	100 S. Broadhead Ln.	Wentzville	MO	63385
775	UPS	Ginger Budnick	314-402-9560	13818 Rider Trail N.	Earth City	MO	63045
776	St. Louis Rams	Eric Simonis	314-425-0522	901 N. Broadway	St. Louis	MO	63101
777	Express Medical Transporters, Inc.	Robert Brown, Pres.	636-432-0115	6780 Southwest Ave.	St. Louis	MO	63143
778	N-Sports Rec Center	Brenda Kleinheider	636-239-1405	409 Windy Hills Drive	Washington	MO	63090
779	Old Dutch Hotel and Tavern	Dan Cassette	636-390-4400	227 Elm Street	Washington	MO	63090
780	Social Competitive Gaming Network	Daniel Eichling	636-259-0524	110 MacArthur Street	New Haven	MO	63068
781	Waypoint Counseling Services, LLC	Katie Walker, LPC	636-234-0035	224 Elm Street	Washington	MO	63090
782	Children's Advocacy Center of E. Central MO	Danielle Abrams	573-468-2271	20 Hughes Ford Rd. #5	Sullivan	MO	63080
783	ALIVE	Cathy Covington	636-583-9863	P.O. Box 223	Union	MO	63084
784	Halo Insurance & Benefits Group	Ritchie Page	636-239-4444	214 Elm Street  #206	Washington	MO	63090
785	Cardinal Health	Rachel Schwoeppe	636-239-8455	1322 Shenandoah Ave.  Apt. 2	St. Louis	MO	63104
786	St. Jordan Creek Winery	Lucas Johnson	636-584-8001	2829 Highway 50	Beaufort	MO	63013
787	Cedar Berry 47, LLC	Shawn Mayall	636-239-4344	P.O. Box 21	Washington	MO	63090
788	Visiting Angels	Mark Lamartina	636-695-4422	202 Triad Center West	O'Fallon	MO	63366
789	Michael Stone	Michael Stone	636-390-9090	851 E. 5th Street	Washington	MO	63090
790	Custom Security Services, LLC	Dave Dieckhaus	314-223-8194	1202 W. 5th Street  Upper Level	Washington	MO	63090
791	Park View Hall	Dave Dieckhaus	314-223-8194	1202 W. 5th Street	Washington	MO	63090
792	River City Music	Chris Brough	636-239-9674	717 Jefferson Street	Washington	MO	63090
793	Law Office of Samantha Cerutti - Wacker	Samantha Cerutti-Wacker	636-239-3301	224 Elm Street	Washington	MO	63090
794	H & R Block	Kristine McCoinnis	363-390-9501	108 W. 8th Street	Rolla	MO	65401
795	Law Office of Mark Rudder	Mark Rudder	636-239-6060	309 W. 4th St., Ste. 104	Washington	MO	63090
796	Knighthawk Security Services, LLC	Kristopher King	636-237-5167	P.O. Box 282	Villa Ridge	MO	63089
1301	Oxi Fresh Carpet Cleaning	Tyler Ruzich	636-238-4949	101 Rio Drive	Moscow Mills	MO	63362
